{"move_filament_loading_pt": false, "len_command": 8, "gh_commands": [440.36032314911796, -10.927282905149983, 424.13126255271834, 0.0, 0.0, 3.1415926535897931, 10.0, 0, 474.58155626565451, 164.41495123770045, 357.33276757305651, 0.0, 0.0, 1.5707963267948966, 10, 0.0, 440.36032314911796, -10.927282905149983, 424.13126255271834, 0.0, 0.0, 3.1415926535897931, 10.0, 0]}