{"move_filament_loading_pt": false, "len_command": 8, "gh_commands": [99.19986656656171, -13.088874333919051, 362.52126255271827, 0.0, 0.0, 1.3514418819372658, 10.0, 0, 253.86805347023039, -61.729812067956743, 26.409999999999986, 0.0, 0.0, 1.3514418819372658, 40, 0.0, 252.77534024950893, -36.001022332092617, 26.409999999999972, 0.0, 0.0, 1.3514418819372658, 40, 6.4379999999999997, 238.96462750536827, -14.265592805604797, 26.409999999999979, 0.0, 0.0, 1.3514418819372658, 40, 6.4379999999999997, 216.13648528867645, -2.3475154535507841, 26.409999999999986, 0.0, 0.0, 1.3514418819372658, 40, 6.4379999999999997, 190.40769555281258, -3.4402286742721913, 26.409999999999986, 0.0, 0.0, 1.3514418819372658, 40, 6.4379999999999997, 168.67226602632456, -17.250941418412935, 26.409999999999986, 0.0, 0.0, 1.3514418819372658, 40, 6.4379999999999997, 156.75418867427049, -40.079083635104723, 26.409999999999986, 0.0, 0.0, 1.3514418819372658, 40, 6.4379999999999997, 157.84690189499193, -65.807873370968792, 26.409999999999979, 0.0, 0.0, 1.3514418819372658, 40, 6.4379999999999997, 171.65761463913265, -87.543302897456641, 26.409999999999993, 0.0, 0.0, 1.3514418819372658, 40, 6.4379999999999997, 194.48575685582443, -99.461380249510711, 26.409999999999986, 0.0, 0.0, 1.3514418819372658, 40, 6.4379999999999997, 220.21454659168847, -98.368667028789275, 26.409999999999986, 0.0, 0.0, 1.3514418819372658, 40, 6.4379999999999997, 241.94997611817635, -84.557954284648588, 26.409999999999993, 0.0, 0.0, 1.3514418819372658, 40, 0.0, 99.19986656656171, -13.088874333919051, 362.52126255271827, 0.0, 0.0, 1.3514418819372658, 10.0, 0]}