{"move_filament_loading_pt": false, "len_command": 8, "gh_commands": [569.7409587341599, 692.32400106665966, 290.48083435396745, 0.0072812765484028073, -0.016834644519409903, -1.5227639137652189, 10.0, 0, 26.719359094727906, 233.81667085051532, 326.54251368992158, 0.023907790127677679, -0.0094709182295408343, -3.0934930243961194, 23, 0.0, 11.738421254001196, 233.09637143514607, 326.3130138761951, -0.41632468452761223, -0.28753423469414047, -2.9230527677705607, 23, 3.75, -3.2425165867255146, 232.37607201977687, 326.08351406246845, -0.7790701665476516, -0.59909618615780158, -2.73106397369131, 23, 3.75, -18.223454427452339, 231.65577260440767, 325.85401424874192, -1.0741604620263363, -0.93043969347469091, -2.5372916873173388, 23, 3.75, -33.204392268179049, 230.93547318903842, 325.62451443501544, -1.3121241171743108, -1.2692647924835023, -2.3588283357198474, 23, 3.75, -48.18533010890576, 230.21517377366922, 325.39501462128879, -1.5043726062331495, -1.6029884451855658, -2.2117856761176156, 23, 3.75, -63.16626794963247, 229.49487435830002, 325.16551480756226, 1.5019843980078842, 1.7303294286794537, 1.9068813593548117, 23, 3.75, -78.14720579035918, 228.77457494293066, 324.93601499383573, 1.4193848771228372, 1.7222134989701989, 1.6326198403151175, 23, 3.75, -93.128143631086004, 228.05427552756169, 324.70651518010919, 1.3178382503585016, 1.6220143885077301, 1.4347343080768489, 23, 3.75, -108.10908147181283, 227.33397611219249, 324.4770153663826, 1.2276735045791471, 1.4526763196718822, 1.3101858331342315, 23, 3.75, -123.09001931253943, 226.61367669682312, 324.24751555265607, 1.1702067218582255, 1.2358293283072852, 1.2471453959801273, 23, 3.75, -138.07095715326636, 225.89337728145392, 324.01801573892953, 1.1595109785910154, 0.99038837194253149, 1.2297669254535888, 23, 3.75, -153.05189499399296, 225.17307786608484, 323.788515925203, 1.2043802380006008, 0.73282757875499815, 1.2406111117431007, 23, 3.75, -168.03283283471967, 224.45277845071547, 323.55901611147652, 1.309693674980654, 0.4780944281575038, 1.2614949654349759, 23, 3.75, -183.01377067544649, 223.73247903534644, 323.32951629774988, 1.4769522742154304, 0.24066855974064283, 1.2734791893693482, 23, 3.75, -197.9947085161732, 223.01217961997702, 323.10001648402329, 1.7039034407817082, 0.0355451480272592, 1.2565153168169192, 23, 3.75, -212.97564635689992, 222.29188020460776, 322.87051667029669, 1.9831406302628962, -0.12103045315655707, 1.1892115540001613, 23, 3.75, -227.95658419762674, 221.57158078923851, 322.64101685657022, 2.2995584448799153, -0.21139080021040721, 1.049314325584793, 23, 3.75, -242.93752203835334, 220.85128137386948, 322.41151704284374, 2.6268068050358209, -0.21746383140365347, 0.81583421246235532, 23, 3.75, -257.91845987908016, 220.13098195850017, 322.18201722911709, 2.9238231138183757, -0.12397757808185038, 0.47405863808355769, 23, 3.75, -272.89939771980687, 219.41068254313097, 321.95251741539056, 3.134475180711974, 0.075233079197521147, 0.02422451713641972, 23, 0.0, 569.7409587341599, 692.32400106665966, 290.48083435396745, 0.0072812765484028073, -0.016834644519409903, -1.5227639137652189, 10.0, 0]}