{"move_filament_loading_pt": false, "len_command": 8, "io_list": [0, 1, 1, 1, 1, 1, 1, 1, 1, 1, 1, 0, 1, 1, 1, 1, 1, 1, 1, 1, 1, 1, 0, 1, 1, 1, 1, 1, 1, 1, 1, 1, 1, 1, 1, 0, 1, 1, 1, 1, 1, 1, 1, 1, 1, 1, 1, 1, 1, 1, 0, 1, 0], "gh_commands": [-698.89091597292236, -9.3908144268549876, -352.51543478688808, 0.26409033929536896, 0.021674907318888725, -0.0028789335548243668, 20, 0.0, -607.28681210737273, 18.351687024433136, -391.69826196623637, 0.26409033929536896, 0.021674907318888725, -0.0028789335548243668, 20, 0.11568000000000001, -607.35228827136655, 17.894194284845302, -391.72089609871529, 0.26409033929536896, 0.021674907318888725, -0.0028789335548243668, 20, 0.11568000000000001, -610.90108681876654, 18.391750080717124, -391.50899061983267, 0.26409033929536896, 0.021674907318888725, -0.0028789335548243668, 20, 0.75, -613.86684803379876, 18.807561698645888, -391.33189940396966, 0.26409033929536896, 0.021674907318888725, -0.0028789335548243668, 20, 0.75, -616.83260924945398, 19.223373312556081, -391.15480818830298, 0.26409033929536896, 0.021674907318888725, -0.0028789335548243668, 20, 0.75, -619.79837046573152, 19.639184922450092, -390.97771697283258, 0.26409033929536896, 0.021674907318888725, -0.0028789335548243668, 20, 0.75, -622.76413168263127, 20.054996528330424, -390.80062575755824, 0.26409033929536896, 0.021674907318888725, -0.0028789335548243668, 20, 0.75, -625.72989290015289, 20.470808130199501, -390.62353454247994, 0.26409033929536896, 0.021674907318888725, -0.0028789335548243668, 20, 0.75, -628.69565411829581, 20.886619728059735, -390.44644332759748, 0.26409033929536896, 0.021674907318888725, -0.0028789335548243668, 20, 0.75, -632.06696571069529, 21.35929110726623, -390.24513593266818, 0.26409033929536896, 0.021674907318888725, -0.0028789335548243668, 20, 0.11522, -632.00178419463282, 21.814979091238708, -390.22258920845127, 0.26409033929536896, 0.021674907318888725, -0.0028789335548243668, 20, 0.11522, -606.77690112462949, 21.567017537020188, -390.83969272325709, 0.26409033929536896, 0.021674907318888725, -0.0028789335548243668, 20, 1.0097799999999999, -607.35623001172871, 17.574522676266685, -391.03680860256031, 0.26409033929536896, 0.021674907318888725, -0.0028789335548243668, 20, 0.89744999999999997, -610.90506375994141, 18.07211206773658, -390.82489939160388, 0.26409033929536896, 0.021674907318888725, -0.0028789335548243668, 20, 0.75, -613.87082161776357, 18.487947155407582, -390.64780701450036, 0.26409033929536896, 0.021674907318888725, -0.0028789335548243668, 20, 0.75, -616.8365794776073, 18.903782229285135, -390.47071463807674, 0.26409033929536896, 0.021674907318888725, -0.0028789335548243668, 20, 0.75, -619.80233733947125, 19.319617289377565, -390.29362226233269, 0.26409033929536896, 0.021674907318888725, -0.0028789335548243668, 20, 0.75, -622.76809520335473, 19.735452335693353, -390.1165298872678, 0.26409033929536896, 0.021674907318888725, -0.0028789335548243668, 20, 0.75, -625.73385306925616, 20.15128736824083, -389.93943751288157, 0.26409033929536896, 0.021674907318888725, -0.0028789335548243668, 20, 0.75, -628.6996109371745, 20.567122387028373, -389.7623451391737, 0.26409033929536896, 0.021674907318888725, -0.0028789335548243668, 20, 0.75, -632.07087955742475, 21.039814886526855, -389.56103876620563, 0.26409033929536896, 0.021674907318888725, -0.0028789335548243668, 20, 0.85255000000000003, -631.50803085484631, 25.032573763245953, -389.36305523067608, 0.26409033929536896, 0.021674907318888725, -0.0028789335548243668, 20, 1.0092699999999999, -606.231084893863, 24.777316671856298, -389.98326729804887, 0.26409033929536896, 0.021674907318888725, -0.0028789335548243668, 20, 0.45516000000000001, -606.51716529471059, 22.981433257260036, -390.07061417926434, 0.26409033929536896, 0.021674907318888725, -0.0028789335548243668, 20, 0.45516000000000001, -607.35952107144078, 17.259398379531831, -390.35249612468436, 0.26409033929536896, 0.021674907318888725, -0.0028789335548243668, 20, 0.89746000000000004, -610.90838889180054, 17.757021927486111, -390.14058320814536, 0.26409033929536896, 0.021674907318888725, -0.0028789335548243668, 20, 0.75, -613.87414330791376, 18.17288107291494, -389.96348964072723, 0.26409033929536896, 0.021674907318888725, -0.0028789335548243668, 20, 0.75, -616.83989772752318, 18.588740194247787, -389.78639607449878, 0.26409033929536896, 0.021674907318888725, -0.0028789335548243668, 20, 0.75, -619.80565215062609, 19.004599291499229, -389.60930250945938, 0.26409033929536896, 0.021674907318888725, -0.0028789335548243668, 20, 0.75, -622.77140657722111, 19.42045836468397, -389.43220894560812, 0.26409033929536896, 0.021674907318888725, -0.0028789335548243668, 20, 0.75, -625.73716100730587, 19.83631741381658, -389.25511538294444, 0.26409033929536896, 0.021674907318888725, -0.0028789335548243668, 20, 0.75, -628.70291544087831, 20.252176438911686, -389.07802182146747, 0.26409033929536896, 0.021674907318888725, -0.0028789335548243668, 20, 0.75, -632.07414202316932, 20.724890867232347, -388.87671637614, 0.26409033929536896, 0.021674907318888725, -0.0028789335548243668, 20, 0.85253999999999996, -631.25534611558169, 26.635186034472444, -388.58290746792568, 0.26409033929536896, 0.021674907318888725, -0.0028789335548243668, 20, 0.40875, -631.05146254104886, 28.255379147408249, -388.50130102260272, 0.26409033929536896, 0.021674907318888725, -0.0028789335548243668, 20, 0.40875, -605.61933661583942, 27.978376794186833, -389.13077852005426, 0.26409033929536896, 0.021674907318888725, -0.0028789335548243668, 20, 0.56611, -606.0179107020208, 25.751828694552856, -389.23680102638116, 0.26409033929536896, 0.021674907318888725, -0.0028789335548243668, 20, 0.56611, -606.50034983623436, 22.794352640465874, -389.38005897216436, 0.26409033929536896, 0.021674907318888725, -0.0028789335548243668, 20, 0.75, -607.36216408846269, 16.948803050035956, -389.66795957202726, 0.26409033929536896, 0.021674907318888725, -0.0028789335548243668, 20, 0.89746999999999999, -610.91106485635623, 17.446461225837815, -389.45604298127944, 0.26409033929536896, 0.021674907318888725, -0.0028789335548243668, 20, 0.75, -613.87681575682052, 17.862344943376836, -389.27894819811644, 0.26409033929536896, 0.021674907318888725, -0.0028789335548243668, 20, 0.75, -616.84256666231272, 18.278228626116263, -389.10185341667267, 0.26409033929536896, 0.021674907318888725, -0.0028789335548243668, 20, 0.75, -619.80831757282931, 18.694112274076996, -388.92475863694716, 0.26409033929536896, 0.021674907318888725, -0.0028789335548243668, 20, 0.75, -622.77406848836802, 19.109995887280103, -388.74766385893878, 0.26409033929536896, 0.021674907318888725, -0.0028789335548243668, 20, 0.75, -625.73981940892554, 19.525879465746517, -388.57056908264656, 0.26409033929536896, 0.021674907318888725, -0.0028789335548243668, 20, 0.75, -628.70557033449882, 19.941763009497183, -388.39347430806941, 0.26409033929536896, 0.021674907318888725, -0.0028789335548243668, 20, 0.75, -632.07675583324078, 20.414500093479131, -388.19216969966209, 0.26409033929536896, 0.021674907318888725, -0.0028789335548243668, 20, 0.85253000000000001, -631.24215221218651, 26.448605443887956, -387.89213645061, 0.26409033929536896, 0.021674907318888725, -0.0028789335548243668, 20, 0.75004999999999999, -630.88131447326191, 29.423223980146709, -387.74161213836902, 0.26409033929536896, 0.021674907318888725, -0.0028789335548243668, 20, 0.51968999999999999, -630.66416752626446, 31.487891751389647, -387.63541066904509, 0.26409033929536896, 0.021674907318888725, -0.0028789335548243668, 20, 0.51968999999999999, -604.91415978738394, 31.16634483791022, -388.28386814069887, 0.26409033929536896, 0.021674907318888725, -0.0028789335548243668, 20, 6.4400399999999998, -699.79854106054415, 1.8677650045914831, -394.13962091536405, 0.26409033929536896, 0.021674907318888725, -0.0028789335548243668, 20, 0.0]}