{"move_filament_loading_pt": false, "len_command": 8, "gh_commands": [-948.1389690752967, 384.88571283096007, 435.8828977361033, -0.0011599931529312556, 0.0080900714562541134, -4.6922398661584258e-06, 20.0, 0, -348.99290711985782, 391.73343093731791, 74.767014929197359, -0.0011599931529312556, 0.0080900714562541134, -4.6922398661584258e-06, 30, 0.0, -948.1389690752967, 384.88571283096007, 435.8828977361033, -0.0011599931529312556, 0.0080900714562541134, -4.6922398661584258e-06, 20.0, 0]}