{"move_filament_loading_pt": true, "len_command": 8, "gh_commands": [393.75878802987137, 227.83181914902553, 211.75348276628722, 0.0, 0.0, 1.5139454560654066, 10.0, 0, 450.61967039478975, 71.845577710594085, 81.579999999999998, 0.0, 0.0, 1.5139454560654066, 40, 0.0, 403.77778307730853, 124.34096780512463, 81.579999999999998, 0.0, 0.0, 1.5139454560654066, 40, 10.0, 351.28239298277794, 77.499080487643411, 81.579999999999998, 0.0, 0.0, 1.5139454560654066, 40, 10.0, 398.12428030025922, 25.003690393112848, 81.579999999999998, 0.0, 0.0, 1.5139454560654066, 40, 0.0, 393.75878802987137, 227.83181914902553, 211.75348276628722, 0.0, 0.0, 1.5139454560654066, 10.0, 0]}