{"move_filament_loading_pt": false, "len_command": 8, "gh_commands": [159.11988271931287, -95.041272416289999, 347.69126255271834, 0.0, 0.0, 1.5139454560654066, 10.0, 0, 407.97807203208913, -11.265608051249586, 210.45591021933922, 0.0, -0.0, -0.056850870729489709, 10, 0.0, 159.11988271931287, -95.041272416289999, 347.69126255271834, 0.0, 0.0, 1.5139454560654066, 10.0, 0]}