{"move_filament_loading_pt": false, "len_command": 8, "gh_commands": [99.19986656656171, -13.088874333919051, 362.52126255271827, 0.0, 0.0, 1.3514418819372658, 10.0, 0, 164.22, 132.43000000000001, -23.59, 0.0, -0.0, -0.2193544448576315, 10, 0.0, 99.19986656656171, -13.088874333919051, 362.52126255271827, 0.0, 0.0, 1.3514418819372658, 10.0, 0]}