{"move_filament_loading_pt": false, "len_command": 8, "gh_commands": [-0.48407845219864498, 561.18396016573058, 245.80494796526452, 0, 0, 0, 10.0, 0, -13.948113670152168, 412.98336285716698, 298.93999999999994, 0.0, -0.0, -1.5683963314028806, 30, 0.0, 10.91032424693401, 419.70814595979709, 298.93999999999994, 0.0, -0.0, -1.5683963314028806, 30, 6.4379999999999997, 29.075971929132919, 437.96119851240616, 298.93999999999994, 0.0, -0.0, -1.5683963314028806, 30, 6.4379999999999997, 35.681357761799973, 462.85162885896011, 298.93999999999994, 0.0, -0.0, -1.5683963314028806, 30, 6.4379999999999997, 28.956574659169974, 487.71006677604601, 298.93999999999994, 0.0, -0.0, -1.5683963314028806, 30, 6.4379999999999997, 10.703522106560769, 505.87571445824511, 298.93999999999994, 0.0, -0.0, -1.5683963314028806, 30, 6.4379999999999997, -14.186908239993159, 512.4811002909122, 298.93999999999994, 0.0, -0.0, -1.5683963314028806, 30, 6.4379999999999997, -39.045346157079251, 505.75631718828214, 298.93999999999994, 0.0, -0.0, -1.5683963314028806, 30, 6.4379999999999997, -57.210993839278217, 487.50326463567296, 298.94, 0.0, -0.0, -1.5683963314028806, 30, 6.4379999999999997, -63.816379671945271, 462.61283428911906, 298.93999999999994, 0.0, -0.0, -1.5683963314028806, 30, 6.4379999999999997, -57.091596569315215, 437.754396372033, 298.93999999999994, 0.0, -0.0, -1.5683963314028806, 30, 6.4379999999999997, -38.838544016706095, 419.58874868983401, 298.94, 0.0, -0.0, -1.5683963314028806, 30, 6.4379999999999997, -13.94411235822875, 411.31614955574315, 300.93999999999994, 0.0, -0.0, -1.5683963314028806, 30, 6.5772700000000004, 11.747396127433518, 418.26629753856179, 300.94, 0.0, -0.0, -1.5683963314028806, 30, 6.6537499999999996, 30.521821661790284, 437.13105710667088, 300.93999999999994, 0.0, -0.0, -1.5683963314028806, 30, 6.6537499999999996, 37.348571063223801, 462.8556301708835, 300.93999999999994, 0.0, -0.0, -1.5683963314028806, 30, 6.6537499999999996, 30.398423080405195, 488.54713865654577, 300.93999999999994, 0.0, -0.0, -1.5683963314028806, 30, 6.6537499999999996, 11.533663512296073, 507.32156419090256, 300.94, 0.0, -0.0, -1.5683963314028806, 30, 6.6537499999999996, -14.190909551916576, 514.14831359233608, 300.93999999999994, 0.0, -0.0, -1.5683963314028806, 30, 6.6537499999999996, -39.882418037578987, 507.19816560951733, 300.93999999999994, 0.0, -0.0, -1.5683963314028806, 30, 6.6537499999999996, -58.656843571935582, 488.33340604140841, 300.93999999999994, 0.0, -0.0, -1.5683963314028806, 30, 6.6537499999999996, -65.483592973369099, 462.60883297719568, 300.93999999999994, 0.0, -0.0, -1.5683963314028806, 30, 6.6537499999999996, -58.533444990550464, 436.91732449153346, 300.93999999999994, 0.0, -0.0, -1.5683963314028806, 30, 6.6537499999999996, -39.668685422441257, 418.14289895717661, 300.93999999999994, 0.0, -0.0, -1.5683963314028806, 30, 6.6537499999999996, -13.934452336715935, 407.29114059207689, 302.93999999999994, 0.0, -0.0, -1.5683963314028806, 30, 7.0000499999999999, 13.768266414016722, 414.78536752512946, 302.93999999999994, 0.0, -0.0, -1.5683963314028806, 30, 7.1746299999999996, 34.012411695525344, 435.12691846625728, 302.93999999999994, 0.0, -0.0, -1.5683963314028806, 30, 7.1746299999999996, 41.373580026890053, 462.86529019239629, 302.93999999999994, 0.0, -0.0, -1.5683963314028806, 30, 7.1746299999999996, 33.879353093837565, 490.56800894312897, 302.93999999999994, 0.0, -0.0, -1.5683963314028806, 30, 7.1746299999999996, 13.537802152709645, 510.8121542246376, 302.93999999999994, 0.0, -0.0, -1.5683963314028806, 30, 7.1746299999999996, -14.200569573429362, 518.17332255600229, 302.93999999999994, 0.0, -0.0, -1.5683963314028806, 30, 7.1746299999999996, -41.903288324162048, 510.67909562294977, 302.94, 0.0, -0.0, -1.5683963314028806, 30, 7.1746299999999996, -62.147433605670642, 490.33754468182195, 302.93999999999994, 0.0, -0.0, -1.5683963314028806, 30, 7.1746299999999996, -69.508601937035365, 462.59917295568289, 302.93999999999994, 0.0, -0.0, -1.5683963314028806, 30, 7.1746299999999996, -62.014375003982821, 434.89645420495026, 302.93999999999994, 0.0, -0.0, -1.5683963314028806, 30, 7.1746299999999996, -41.672824062855, 414.65230892344158, 302.93999999999994, 0.0, -0.0, -1.5683963314028806, 30, 7.1746299999999996, -13.924792315203149, 403.26613162841068, 304.93999999999994, 0.0, -0.0, -1.5683963314028806, 30, 7.5149800000000004, 15.78913670059984, 411.30443751169696, 304.94, 0.0, -0.0, -1.5683963314028806, 30, 7.6955, 37.503001729260376, 433.12277982584368, 304.93999999999994, 0.0, -0.0, -1.5683963314028806, 30, 7.6955, 45.39858899055632, 462.87495021390907, 304.93999999999994, 0.0, -0.0, -1.5683963314028806, 30, 7.6955, 37.360283107269979, 492.58887922971212, 304.94, 0.0, -0.0, -1.5683963314028806, 30, 7.6955, 15.541940793123246, 514.30274425837263, 304.93999999999994, 0.0, -0.0, -1.5683963314028806, 30, 7.6955, -14.210229594942149, 522.1983315196685, 304.93999999999994, 0.0, -0.0, -1.5683963314028806, 30, 7.6955, -43.924158610745167, 514.16002563638222, 304.93999999999994, 0.0, -0.0, -1.5683963314028806, 30, 7.6955, -65.638023639405674, 492.34168332223555, 304.93999999999994, 0.0, -0.0, -1.5683963314028806, 30, 7.6955, -73.533610900701632, 462.5895129341701, 304.93999999999994, 0.0, -0.0, -1.5683963314028806, 30, 7.6955, -65.495305017415319, 432.87558391836717, 304.94, 0.0, -0.0, -1.5683963314028806, 30, 7.6955, -43.676962703268543, 411.16171888970655, 304.93999999999994, 0.0, -0.0, -1.5683963314028806, 30, 0.0, -0.48407845219864498, 561.18396016573058, 245.80494796526452, 0, 0, 0, 10.0, 0]}