{"move_filament_loading_pt": false, "len_command": 8, "gh_commands": [440.36032314911796, -10.927282905149983, 424.13126255271834, 0.0, 0.0, 3.1415926535897931, 10.0, 0, 454.18000000000001, 150.61901199340821, 238.02000000000001, 0.0, 0.0, 3.1415926535897931, 40, 0.0, 419.00213595731623, 136.04786343305588, 238.01999999999998, 0.0, 0.0, 3.1415926535897931, 40, 9.5190599999999996, 404.4309880065918, 100.87, 238.02000000000001, 0.0, 0.0, 3.1415926535897931, 40, 9.5190599999999996, 419.00213656694405, 65.69213595731631, 238.02000000000001, 0.0, 0.0, 3.1415926535897931, 40, 9.5190599999999996, 454.18000000000001, 51.120988006591801, 238.02000000000001, 0.0, 0.0, 3.1415926535897931, 40, 9.5190599999999996, 489.35786404268373, 65.6921365669441, 238.01999999999998, 0.0, 0.0, 3.1415926535897931, 40, 9.5190599999999996, 503.92901199340821, 100.87, 238.02000000000001, 0.0, 0.0, 3.1415926535897931, 40, 9.5190599999999996, 489.35786343305597, 136.0478640426837, 238.02000000000001, 0.0, 0.0, 3.1415926535897931, 40, 9.5190599999999996, 454.18000000000001, 156.31125065207482, 241.02000000000001, 0.0, 0.0, 3.1415926535897931, 40, 10.0, 414.97711536676434, 140.07288395385473, 241.02000000000004, 0.0, 0.0, 3.1415926535897931, 40, 10.0, 398.73874934792519, 100.87, 241.02000000000001, 0.0, 0.0, 3.1415926535897931, 40, 10.0, 414.97711604614528, 61.667115366764335, 241.02000000000004, 0.0, 0.0, 3.1415926535897931, 40, 10.0, 454.18000000000001, 45.428749347925191, 241.02000000000001, 0.0, 0.0, 3.1415926535897931, 40, 10.0, 493.38288463323568, 61.667116046145281, 241.02000000000001, 0.0, 0.0, 3.1415926535897931, 40, 10.0, 509.62125065207482, 100.87, 241.02000000000001, 0.0, 0.0, 3.1415926535897931, 40, 10.0, 493.38288395385479, 140.07288463323562, 241.01999999999998, 0.0, 0.0, 3.1415926535897931, 40, 0.0, 440.36032314911796, -10.927282905149983, 424.13126255271834, 0.0, 0.0, 3.1415926535897931, 10.0, 0]}