{"move_filament_loading_pt": false, "len_command": 8, "gh_commands": [185.84278287902399, -269.58316758395699, 451.78126255271849, 0.0, 0.0, 1.4677942936140993, 10.0, 0, 449.33769954754933, 135.65236567942191, 45.670000000000002, 0.0, 0.0, 1.4677942936140993, 25, 0.0, 443.81501440452632, 161.41686049603214, 45.670000000000002, 0.0, 0.0, 1.4677942936140993, 25, 0.0, 424.2030768059775, 179.01462233634862, 45.670000000000002, 0.0, 0.0, 1.4677942936140993, 25, 0.0, 397.99298445360535, 181.72390282462806, 45.670000000000002, 0.0, 0.0, 1.4677942936140993, 25, 0.0, 375.19609691759865, 168.50985022481262, 45.670000000000002, 0.0, 0.0, 1.4677942936140993, 25, 0.0, 364.52005310033837, 144.41978340104873, 45.670000000000002, 0.0, 0.0, 1.4677942936140993, 25, 0.0, 370.04273824336144, 118.65528858443849, 45.670000000000002, 0.0, 0.0, 1.4677942936140993, 25, 0.0, 389.6546758419106, 101.05752674412165, 45.670000000000002, 0.0, 0.0, 1.4677942936140993, 25, 0.0, 415.86476819428219, 98.348246255842611, 45.669999999999995, 0.0, 0.0, 1.4677942936140993, 25, 0.0, 438.661655730289, 111.56229885565787, 45.670000000000002, 0.0, 0.0, 1.4677942936140993, 25, 0.0, 452.00639053511259, 135.37650883078285, 55.670000000000002, 0.0, 0.0, 1.4677942936140993, 25, 0.0, 446.13617535121506, 162.7623048269536, 55.670000000000002, 0.0, 0.0, 1.4677942936140993, 25, 0.0, 425.29010303400298, 181.46745387716572, 55.670000000000002, 0.0, 0.0, 1.4677942936140993, 25, 0.0, 397.43066906054514, 184.34722323715283, 55.670000000000002, 0.0, 0.0, 1.4677942936140993, 25, 0.0, 373.19922513538643, 170.301640299974, 55.670000000000002, 0.0, 0.0, 1.4677942936140993, 25, 0.0, 361.85136211277518, 144.69564024968776, 55.670000000000002, 0.0, 0.0, 1.4677942936140993, 25, 0.0, 367.72157729667265, 117.30984425351693, 55.670000000000002, 0.0, 0.0, 1.4677942936140993, 25, 0.0, 388.56764961388467, 98.604695203304885, 55.670000000000002, 0.0, 0.0, 1.4677942936140993, 25, 0.0, 416.42708358734274, 95.724925843317777, 55.670000000000002, 0.0, 0.0, 1.4677942936140993, 25, 0.0, 440.65852751250122, 109.77050878049658, 55.670000000000002, 0.0, 0.0, 1.4677942936140993, 25, 0.0, 467.47821065304385, 133.77722005574947, 65.670000000000002, 0.0, 0.0, 1.4677942936140993, 25, 0.0, 459.59317910297887, 170.56256074407503, 65.670000000000002, 0.0, 0.0, 1.4677942936140993, 25, 0.0, 431.59217185420903, 195.68782204866397, 65.670000000000002, 0.0, 0.0, 1.4677942936140993, 25, 0.0, 394.17062784501331, 199.55600601621194, 65.670000000000002, 0.0, 0.0, 1.4677942936140993, 25, 0.0, 361.62229803631794, 180.68959973820932, 65.670000000000002, 0.0, 0.0, 1.4677942936140993, 25, 0.0, 346.37954199484386, 146.29492902472117, 65.670000000000002, 0.0, 0.0, 1.4677942936140993, 25, 0.0, 354.26457354490884, 109.50958833639555, 65.670000000000002, 0.0, 0.0, 1.4677942936140993, 25, 0.0, 382.26558079367902, 84.384327031806521, 65.670000000000002, 0.0, 0.0, 1.4677942936140993, 25, 0.0, 419.68712480287445, 80.516143064258642, 65.670000000000002, 0.0, 0.0, 1.4677942936140993, 25, 0.0, 452.23545461156982, 99.3825493422612, 65.670000000000002, 0.0, 0.0, 1.4677942936140993, 25, 0.0, 489.04987960113158, 131.54740302424011, 75.670000000000002, 0.0, 0.0, 1.4677942936140993, 25, 0.0, 478.35567942637579, 181.43810977915524, 75.670000000000002, 0.0, 0.0, 1.4677942936140993, 25, 0.0, 440.37886541975718, 215.51464734635238, 75.670000000000002, 0.0, 0.0, 1.4677942936140993, 25, 0.0, 389.62529773371807, 220.76093373076111, 75.670000000000002, 0.0, 0.0, 1.4677942936140993, 25, 0.0, 345.48110476275986, 195.17306841479189, 75.670000000000002, 0.0, 0.0, 1.4677942936140993, 25, 0.0, 324.80787304675619, 148.52474605623053, 75.670000000000002, 0.0, 0.0, 1.4677942936140993, 25, 0.0, 335.50207322151203, 98.634039301315426, 75.670000000000002, 0.0, 0.0, 1.4677942936140993, 25, 0.0, 373.47888722813036, 64.557501734118347, 75.670000000000002, 0.0, 0.0, 1.4677942936140993, 25, 0.0, 424.23245491416981, 59.311215349709499, 75.670000000000002, 0.0, 0.0, 1.4677942936140993, 25, 0.0, 468.3766478851278, 84.899080665678696, 75.670000000000002, 0.0, 0.0, 1.4677942936140993, 25, 0.0, 507.37531253607938, 129.65314242871247, 85.670000000000002, 0.0, 0.0, 1.4677942936140993, 25, 0.0, 494.29468452587798, 190.67704001458191, 85.670000000000002, 0.0, 0.0, 1.4677942936140993, 25, 0.0, 447.84328386799518, 232.35781132129023, 85.670000000000002, 0.0, 0.0, 1.4677942936140993, 25, 0.0, 385.7639765572161, 238.77481488471949, 85.670000000000002, 0.0, 0.0, 1.4677942936140993, 25, 0.0, 331.76893647682664, 207.47697658883499, 85.670000000000002, 0.0, 0.0, 1.4677942936140993, 25, 0.0, 306.48244011180833, 150.41900665175814, 85.670000000000002, 0.0, 0.0, 1.4677942936140993, 25, 0.0, 319.56306812200972, 89.395109065888761, 85.670000000000002, 0.0, 0.0, 1.4677942936140993, 25, 0.0, 366.01446877989247, 47.714337759180438, 85.670000000000002, 0.0, 0.0, 1.4677942936140993, 25, 0.0, 428.09377609067167, 41.29733419575112, 85.670000000000002, 0.0, 0.0, 1.4677942936140993, 25, 0.0, 482.08881617106113, 72.595172491635594, 85.670000000000002, 0.0, 0.0, 1.4677942936140993, 25, 0.0, 185.84278287902399, -269.58316758395699, 451.78126255271849, 0.0, 0.0, 1.4677942936140993, 10.0, 0]}