{"move_filament_loading_pt": false, "len_command": 8, "gh_commands": [-12.070407708857715, 466.24260268757405, 282.70676246470902, 0.0072812765484028073, -0.016834644519409903, -1.5227639137652189, 41.0, 0, -144.29053161402385, 293.2739244760246, 95.50213634158753, -0.0074600398861709074, -0.01489042335815938, 0.22252220026496383, 20, 0.0, -143.70092499046279, 287.24085310711916, 95.546017207743049, -0.0074600398861709074, -0.01489042335815938, 0.22252220026496383, 20, 1.51549, -143.1113183669014, 281.20778173821355, 95.589898073898595, -0.0074600398861709074, -0.01489042335815938, 0.22252220026496383, 20, 1.51549, -142.52171174334023, 275.17471036930829, 95.633778940054114, -0.0074600398861709074, -0.01489042335815938, 0.22252220026496383, 20, 1.51549, -141.93210511977884, 269.14163900040285, 95.677659806209633, -0.0074600398861709074, -0.01489042335815938, 0.22252220026496383, 20, 1.51549, -141.34249849621767, 263.10856763149752, 95.721540672365151, -0.0074600398861709074, -0.01489042335815938, 0.22252220026496383, 20, 1.51549, -140.75289187265639, 257.07549626259203, 95.765421538520698, -0.0074600398861709074, -0.01489042335815938, 0.22252220026496383, 20, 1.51539, -140.12492277492697, 251.04672750370912, 95.809875964744023, -0.0074600398861709074, -0.01489042335815938, 0.22252220026496383, 20, 1.51423, -138.85958900701405, 245.1236812230473, 95.863662835156489, -0.0074600398861709074, -0.01489042335815938, 0.22252220026496383, 20, 1.51423, -136.77298121828301, 239.43788717018532, 95.928894185756818, -0.0074600398861709074, -0.01489042335815938, 0.22252220026496383, 20, 1.51423, -133.90667127173367, 234.10262453720196, 96.004270400059866, -0.0074600398861709074, -0.01489042335815938, 0.22252220026496383, 20, 1.51423, -130.3177648904574, 229.22418841316005, 96.088289750414091, -0.0074600398861709074, -0.01489042335815938, 0.22252220026496383, 20, 1.51423, -126.07776518180469, 224.89977362554674, 96.179278288599861, -0.0074600398861709074, -0.01489042335815938, 0.22252220026496383, 20, 1.51423, -121.27114314536414, 221.21553379787275, 96.275423298917914, -0.0074600398861709074, -0.01489042335815938, 0.22252220026496383, 20, 1.51423, -115.99367042971494, 218.24487634466914, 96.374809102763535, -0.0074600398861709074, -0.01489042335815938, 0.22252220026496383, 20, 1.51423, -110.35047941245932, 216.04697968457185, 96.475455838255655, -0.0074600398861709074, -0.01489042335815938, 0.22252220026496383, 20, 1.51423, -104.4540101020516, 214.66563735640477, 96.57535812554444, -0.0074600398861709074, -0.01489042335815938, 0.22252220026496383, 20, 1.51423, -98.421737102720272, 214.12836846149418, 96.67252563106176, -0.0074600398861709074, -0.01489042335815938, 0.22252220026496383, 20, 1.51423, -92.364202407451899, 214.3069532910306, 96.765971517477837, -0.0074600398861709074, -0.01489042335815938, 0.22252220026496383, 20, 1.51522, -86.308418984228524, 214.56455067200534, 96.858935831044434, -0.0074600398861709074, -0.01489042335815938, 0.22252220026496383, 20, 1.51549, -80.252635561005263, 214.82214805297997, 96.951900144610974, -0.0074600398861709074, -0.01489042335815938, 0.22252220026496383, 20, 1.51549, -74.196852137782116, 215.07974543395466, 97.044864458177599, -0.0074600398861709074, -0.01489042335815938, 0.22252220026496383, 20, 1.51549, -68.141068714558628, 215.33734281492934, 97.137828771744168, -0.0074600398861709074, -0.01489042335815938, 0.22252220026496383, 20, 1.51549, -62.085285291335595, 215.59494019590409, 97.230793085310737, -0.0074600398861709074, -0.01489042335815938, 0.22252220026496383, 20, 1.51549, -56.029501868112334, 215.85253757687866, 97.323757398877333, -0.0074600398861709074, -0.01489042335815938, 0.22252220026496383, 20, 1.51549, -49.973718444888959, 216.11013495785329, 97.41672171244393, -0.0074600398861709074, -0.01489042335815938, 0.22252220026496383, 20, 1.51549, -43.917935021665699, 216.36773233882803, 97.509686026010499, -0.0074600398861709074, -0.01489042335815938, 0.22252220026496383, 20, 1.51549, -37.86215159844221, 216.62532971980278, 97.602650339577096, -0.0074600398861709074, -0.01489042335815938, 0.22252220026496383, 20, 1.51549, -31.806368175218836, 216.88292710077741, 97.695614653143664, -0.0074600398861709074, -0.01489042335815938, 0.22252220026496383, 20, 1.51549, -25.750584751995461, 217.14052448175215, 97.788578966710261, -0.0074600398861709074, -0.01489042335815938, 0.22252220026496383, 20, 1.51549, -19.694801328772201, 217.39812186272667, 97.88154328027683, -0.0074600398861709074, -0.01489042335815938, 0.22252220026496383, 20, 1.51549, -13.63901790554894, 217.65571924370141, 97.974507593843427, -0.0074600398861709074, -0.01489042335815938, 0.22252220026496383, 20, 1.51549, -7.5832344823259064, 217.9133166246761, 98.067471907410024, -0.0074600398861709074, -0.01489042335815938, 0.22252220026496383, 20, 1.51549, -1.5274510591024182, 218.17091400565073, 98.160436220976592, -0.0074600398861709074, -0.01489042335815938, 0.22252220026496383, 20, 1.51549, 4.5283323641207289, 218.42851138662536, 98.253400534543218, -0.0074600398861709074, -0.01489042335815938, 0.22252220026496383, 20, 1.51542, 10.582045195196883, 218.72486800274771, 98.346109720185282, -0.0074600398861709074, -0.01489042335815938, 0.22252220026496383, 20, 1.5150399999999999, 16.599707722186395, 219.4357725403446, 98.435873343978827, -0.0074600398861709074, -0.01489042335815938, 0.22252220026496383, 20, 1.5150399999999999, 22.536079313591017, 220.65144967215952, 98.521467117158423, -0.0074600398861709074, -0.01489042335815938, 0.22252220026496383, 20, 1.5150399999999999, 28.348903915896358, 222.36324603943984, 98.602281769237536, -0.0074600398861709074, -0.01489042335815938, 0.22252220026496383, 20, 1.5150399999999999, 33.996803421702793, 224.55897624688595, 98.677742028515937, -0.0074600398861709074, -0.01489042335815938, 0.22252220026496383, 20, 1.5150399999999999, 39.439578761661892, 227.22301239883666, 98.747310803111915, -0.0074600398861709074, -0.01489042335815938, 0.22252220026496383, 20, 1.5150399999999999, 44.638484841929653, 230.33639075788665, 98.810492855651617, -0.0074600398861709074, -0.01489042335815938, 0.22252220026496383, 20, 1.5150399999999999, 49.556508615746907, 233.87694506109602, 98.866838373577181, -0.0074600398861709074, -0.01489042335815938, 0.22252220026496383, 20, 1.5150399999999999, 54.158653009591887, 237.81948025994069, 98.915946398358116, -0.0074600398861709074, -0.01489042335815938, 0.22252220026496383, 20, 1.5150399999999999, 58.412153100828107, 242.13592823674082, 98.957467301725003, -0.0074600398861709074, -0.01489042335815938, 0.22252220026496383, 20, 1.5150399999999999, 62.286731095361404, 246.79556233717466, 98.991105528877981, -0.0074600398861709074, -0.01489042335815938, 0.22252220026496383, 20, 1.5150399999999999, 65.754810358100656, 251.7652183545718, 99.016621665994833, -0.0074600398861709074, -0.01489042335815938, 0.22252220026496383, 20, 1.5150399999999999, 68.791702787779229, 257.00951951791137, 99.03383406900177, -0.0074600398861709074, -0.01489042335815938, 0.22252220026496383, 20, 1.5150399999999999, 71.37579113156113, 262.49113578260983, 99.042620216213109, -0.0074600398861709074, -0.01489042335815938, 0.22252220026496383, 20, 1.5150399999999999, 73.488681268688651, 268.17104772179869, 99.042917566160625, -0.0074600398861709074, -0.01489042335815938, 0.22252220026496383, 20, 1.5150399999999999, 75.115334045682914, 274.00882790726502, 99.034723995960647, -0.0074600398861709074, -0.01489042335815938, 0.22252220026496383, 20, 1.5150399999999999, 76.244168533655113, 279.96291324899994, 99.018097845964562, -0.0074600398861709074, -0.01489042335815938, 0.22252220026496383, 20, 1.5150399999999999, 76.867151356654233, 285.99092932544238, 98.993157448268235, -0.0074600398861709074, -0.01489042335815938, 0.22252220026496383, 20, 1.5150399999999999, 76.979847424757679, 292.04996417441373, 98.960080343856575, -0.0074600398861709074, -0.01489042335815938, 0.22252220026496383, 20, 1.5150399999999999, 